horizon_s,n_danger,analytic_bias_deg,mc_bias_deg,analytic_rmse_deg,mc_rmse_deg
1,18225,0.02642809339193934,0.026088016751162957,1.579995495639178,1.575588720910243
2,18216,0.05198606711782081,0.05447291594343826,1.9476012237006843,1.9398943821983927
3,18221,0.13537374427977938,0.14393272491498899,3.380499344122166,3.3367999727457094
4,18227,0.3487220813506097,0.424729955866945,5.211601830069437,5.0051927541059795
5,18225,0.3586419716556188,0.4323251042020766,5.174083020461284,4.975144903957972
