horizon_s,n_danger,analytic_bias_deg,mc_bias_deg,analytic_rmse_deg,mc_rmse_deg
1,18225,0.024453722447158325,0.02408900956708524,1.503036747323291,1.4991429690455444
2,18216,0.05074387992628825,0.05317243360307119,1.9264490994332293,1.9190005015751754
3,18221,0.13357924474043528,0.1417657224309936,3.3519401534456787,3.3095023428568036
4,18227,0.3471819404827117,0.4215204232809533,5.184831056398607,4.981889776185254
5,18225,0.35711432520318065,0.4295894354258165,5.154283269142517,4.95787071303073
