model,label,reference,statistic,p_value,median_abs_err_delta_rad,p_holm
persistence,Persistence,lstm,8683703909.0,0.0,0.039614444013118755,0.0
ar,AR(8),lstm,10345612740.0,0.0,0.029425000944461627,0.0
kalman,Kalman,lstm,10143292849.0,0.0,0.030240363612812793,0.0
ridge,Ridge (window),lstm,9850604819.0,0.0,0.03238909075302699,0.0
gbm,GBM (window),lstm,14775383941.0,0.0,0.013136454666526812,0.0
tcn,TCN,lstm,21307772349.5,0.0,0.002770584925651562,0.0
transformer,Transformer,lstm,20199830153.0,0.0,0.0035637395961284624,0.0
gru,GRU,lstm,25092672773.0,2.8603603019512626e-15,0.00010689772844314771,2.8603603019512626e-15
