model,r2_micro,r2_micro_lo,r2_micro_hi,r2_macro,r2_macro_lo,r2_macro_hi,rmse_deg,rmse_lo,rmse_hi
lstm,0.6765091969852519,0.664675203420212,0.6871329345105375,0.6172010934027262,0.6061846299183897,0.6273263725912062,3.5112779307211457,3.272535558380278,3.73110805119972
gru,0.6731262262537709,0.6612544487853296,0.6840153887604491,0.6121921141388089,0.6012559090100896,0.6223852380022262,3.52959013017564,3.288924992318858,3.751103485706256
