horizon_s,n_danger,analytic_bias_deg,mc_bias_deg,analytic_rmse_deg,mc_rmse_deg
1,18225,0.026391128535488632,0.02605135927109164,1.5669266366659926,1.5625933154388814
2,18216,0.05373243680957766,0.056288107617764226,1.9709117094605484,1.962891386251265
3,18221,0.13334673666756558,0.14154209182896052,3.352934242732893,3.310472423045522
4,18227,0.34918289422989335,0.4248056241065841,5.205479221060901,4.9998247284251445
5,18225,0.35707112716249456,0.4298350257229538,5.159008017975721,4.962016685861976
