horizon_s,n_danger,analytic_bias_deg,mc_bias_deg,analytic_rmse_deg,mc_rmse_deg
1,18225,0.025882252003478587,0.025535311073230565,1.55058386278535,1.5463667338875133
2,18216,0.051257433643573644,0.053663096005955216,1.9146015722767602,1.9072246340821513
3,18221,0.1338724556669427,0.14212018743903393,3.356708499586257,3.314062479198395
4,18227,0.3471570710661996,0.4214169646569548,5.183561593516528,4.980781348186738
5,18225,0.35710270588662313,0.42950895296116637,5.153153149695822,4.956880044483483
