horizon_s,n_danger,analytic_bias_deg,mc_bias_deg,analytic_rmse_deg,mc_rmse_deg
1,3107,0.02982650141913909,0.028777109235746678,1.6095856787393386,1.6080778716079211
2,3107,0.06548000427213128,0.0640672815257349,2.1279158120161927,2.1171405609871274
3,3105,0.14396579051361094,0.14926360941868524,3.3684139417134213,3.3225683496380207
4,3106,0.38533749489230856,0.48297949633255544,5.348608469501672,5.130813743425181
5,3107,0.4046766469894433,0.4888991731971784,5.373666306566753,5.1402914006181994
