fold,kind,r2_mean,r2_std,rmse_deg_mean,rmse_deg_std,n_seeds
Hs3x10t,corner,-1.071476220466177,0.6741584684535039,4.757687849047394,0.7486044330429779,5
Hs3x50t,corner,0.5068952407256255,0.04174168963606982,2.435578291688717,0.10250089305260694,5
Hs5x30t,center,0.5843528583132287,0.0031939068031226793,3.5950637306754927,0.013824381001682668,5
Hs7x10t,corner,-0.711971156469515,0.11993138564026466,7.661876184413648,0.2685988171589779,5
Hs7x50t,corner,0.5736105485457137,0.005514321026623181,5.30872974451667,0.03434016238567006,5
