horizon_s,n_danger,analytic_bias_deg,mc_bias_deg,analytic_rmse_deg,mc_rmse_deg
1,18225,0.025469688238188338,0.02511586453218948,1.5490394744632128,1.5448535407107575
2,18216,0.05317175970856254,0.05567299611278366,1.9498593953185726,1.9420624577980485
3,18221,0.13480215458615555,0.1431401161833482,3.3631455270958823,3.3201820573534766
4,18227,0.34906986556732184,0.42463247768929574,5.204517573047098,4.998990938096852
5,18225,0.36086575303471424,0.4354406613399488,5.188636230184191,4.987769842609059
