threshold_deg,alarm,prevalence,roc_auc,pr_auc,best_f1,effective_horizon_s,budget_fpr,achieved_fpr,detection_rate,mean_lead_s,n_events
15,point,0.1205,0.9283828728596922,0.7561071107424803,0.6929336878575457,5,0.1,0.1,0.9946987328678563,4.042766151046406,7734
15,prob,0.1205,0.9467132478933126,0.7881250258964703,0.6988268345342455,5,0.1,0.1,0.987070080165503,4.353156929525806,7734
15,naive,0.1205,0.669714428508971,0.25386811723700436,0.31572511857688024,0,0.1,0.1,0.7314455650374968,3.5851157857521656,7734
20,point,0.0494,0.9490932562802324,0.701004947476781,0.6538188457247185,5,0.1,0.1,0.9971608832807571,4.289149003479912,3170
20,prob,0.0494,0.9524309369148047,0.7332776502196179,0.6596218020022246,5,0.1,0.1,0.9952681388012619,4.646275752773375,3170
20,naive,0.0494,0.7026234819139661,0.15025861965068318,0.23255448037133192,0,0.1,0.0999,0.8280757097791798,3.595047619047619,3170
25,point,0.0192,0.9649141792072802,0.635706184302113,0.607694320858414,5,0.1,0.0998,0.9967558799675588,4.5223759153783565,1233
25,prob,0.0192,0.9459579772480612,0.664376067311338,0.6134091692519821,5,0.1,0.0585,0.9951338199513382,4.62999185004075,1233
25,naive,0.0192,0.7343769846202248,0.08460921378480168,0.1611026808295397,0,0.1,0.1,0.8856447688564477,3.659340659340659,1233
